letter,image
M,images/ds1-0_0.jpg
a,images/ds1-0_1.jpg
r,images/ds1-0_2.jpg
v,images/ds1-0_3.jpg
i,images/ds1-0_4.jpg
n,images/ds1-0_5.jpg
M,images/ds1-0_6.jpg
i,images/ds1-0_7.jpg
n,images/ds1-0_8.jpg
s,images/ds1-0_9.jpg
k,images/ds1-0_10.jpg
y,images/ds1-0_11.jpg
 ,images/ds1-0_12.jpg
N,images/ds1-0_13.jpg
a,images/ds1-0_14.jpg
t,images/ds1-1_0.jpg
h,images/ds1-1_1.jpg
a,images/ds1-1_2.jpg
n,images/ds1-1_3.jpg
i,images/ds1-1_4.jpg
e,images/ds1-1_5.jpg
l,images/ds1-1_6.jpg
R,images/ds1-1_7.jpg
o,images/ds1-1_8.jpg
c,images/ds1-1_9.jpg
h,images/ds1-1_10.jpg
e,images/ds1-1_11.jpg
s,images/ds1-1_12.jpg
t,images/ds1-1_13.jpg
e,images/ds1-1_14.jpg
r,images/ds1-2_0.jpg
 ,images/ds1-2_1.jpg
a,images/ds1-2_2.jpg
n,images/ds1-2_3.jpg
d,images/ds1-2_4.jpg
C,images/ds1-2_5.jpg
l,images/ds1-2_6.jpg
a,images/ds1-2_7.jpg
u,images/ds1-2_8.jpg
d,images/ds1-2_9.jpg
e,images/ds1-2_10.jpg
S,images/ds1-2_11.jpg
h,images/ds1-2_12.jpg
a,images/ds1-2_13.jpg
n,images/ds1-2_14.jpg
n,images/ds1-3_0.jpg
o,images/ds1-3_1.jpg
n,images/ds1-3_2.jpg
 ,images/ds1-3_3.jpg
T,images/ds1-3_4.jpg
h,images/ds1-3_5.jpg
e,images/ds1-3_6.jpg
o,images/ds1-3_7.jpg
r,images/ds1-3_8.jpg
i,images/ds1-3_9.jpg
g,images/ds1-3_10.jpg
i,images/ds1-3_11.jpg
n,images/ds1-3_12.jpg
a,images/ds1-3_13.jpg
l,images/ds1-3_14.jpg
t,images/ds1-4_0.jpg
y,images/ds1-4_1.jpg
p,images/ds1-4_2.jpg
e,images/ds1-4_3.jpg
s,images/ds1-4_4.jpg
c,images/ds1-4_5.jpg
r,images/ds1-4_6.jpg
i,images/ds1-4_7.jpg
p,images/ds1-4_8.jpg
t,images/ds1-4_9.jpg
c,images/ds1-4_10.jpg
o,images/ds1-4_11.jpg
n,images/ds1-4_12.jpg
s,images/ds1-4_13.jpg
i,images/ds1-4_14.jpg
s,images/ds1-5_0.jpg
t,images/ds1-5_1.jpg
e,images/ds1-5_2.jpg
d,images/ds1-5_3.jpg
o,images/ds1-5_4.jpg
f,images/ds1-5_5.jpg
1,images/ds1-5_6.jpg
7,images/ds1-5_7.jpg
p,images/ds1-5_8.jpg
a,images/ds1-5_9.jpg
g,images/ds1-5_10.jpg
e,images/ds1-5_11.jpg
s,images/ds1-5_12.jpg
p,images/ds1-5_13.jpg
l,images/ds1-5_14.jpg
u,images/ds1-6_0.jpg
s,images/ds1-6_1.jpg
a,images/ds1-6_2.jpg
t,images/ds1-6_3.jpg
i,images/ds1-6_4.jpg
t,images/ds1-6_5.jpg
l,images/ds1-6_6.jpg
e,images/ds1-6_7.jpg
p,images/ds1-6_8.jpg
a,images/ds1-6_9.jpg
g,images/ds1-6_10.jpg
e,images/ds1-6_11.jpg
C,images/ds1-6_12.jpg
o,images/ds1-6_13.jpg
p,images/ds1-6_14.jpg
i,images/ds1-7_0.jpg
e,images/ds1-7_1.jpg
s,images/ds1-7_2.jpg
o,images/ds1-7_3.jpg
f,images/ds1-7_4.jpg
t,images/ds1-7_5.jpg
h,images/ds1-7_6.jpg
e,images/ds1-7_7.jpg
t,images/ds1-7_8.jpg
y,images/ds1-7_9.jpg
p,images/ds1-7_10.jpg
e,images/ds1-7_11.jpg
s,images/ds1-7_12.jpg
c,images/ds1-7_13.jpg
r,images/ds1-7_14.jpg
i,images/ds1-8_0.jpg
p,images/ds1-8_1.jpg
t,images/ds1-8_2.jpg
a,images/ds1-8_3.jpg
r,images/ds1-8_4.jpg
e,images/ds1-8_5.jpg
h,images/ds1-8_6.jpg
o,images/ds1-8_7.jpg
u,images/ds1-8_8.jpg
s,images/ds1-8_9.jpg
e,images/ds1-8_10.jpg
d,images/ds1-8_11.jpg
i,images/ds1-8_12.jpg
n,images/ds1-8_13.jpg
t,images/ds1-8_14.jpg
h,images/ds1-9_0.jpg
e,images/ds1-9_1.jpg
a,images/ds1-9_2.jpg
r,images/ds1-9_3.jpg
c,images/ds1-9_4.jpg
h,images/ds1-9_5.jpg
i,images/ds1-9_6.jpg
v,images/ds1-9_7.jpg
e,images/ds1-9_8.jpg
s,images/ds1-9_9.jpg
a,images/ds1-9_10.jpg
t,images/ds1-9_11.jpg
D,images/ds1-9_12.jpg
a,images/ds1-9_13.jpg
r,images/ds1-9_14.jpg
t,images/ds1-10_0.jpg
m,images/ds1-10_1.jpg
o,images/ds1-10_2.jpg
u,images/ds1-10_3.jpg
t,images/ds1-10_4.jpg
h,images/ds1-10_5.jpg
C,images/ds1-10_6.jpg
o,images/ds1-10_7.jpg
l,images/ds1-10_8.jpg
l,images/ds1-10_9.jpg
e,images/ds1-10_10.jpg
g,images/ds1-10_11.jpg
e,images/ds1-10_12.jpg
a,images/ds1-10_13.jpg
n,images/ds1-10_14.jpg
d,images/ds1-11_0.jpg
S,images/ds1-11_1.jpg
t,images/ds1-11_2.jpg
a,images/ds1-11_3.jpg
n,images/ds1-11_4.jpg
f,images/ds1-11_5.jpg
o,images/ds1-11_6.jpg
r,images/ds1-11_7.jpg
d,images/ds1-11_8.jpg
U,images/ds1-11_9.jpg
n,images/ds1-11_10.jpg
i,images/ds1-11_11.jpg
v,images/ds1-11_12.jpg
e,images/ds1-11_13.jpg
r,images/ds1-11_14.jpg
s,images/ds1-12_0.jpg
i,images/ds1-12_1.jpg
t,images/ds1-12_2.jpg
y,images/ds1-12_3.jpg
 ,images/ds1-12_4.jpg
T,images/ds1-12_5.jpg
h,images/ds1-12_6.jpg
e,images/ds1-12_7.jpg
f,images/ds1-12_8.jpg
i,images/ds1-12_9.jpg
r,images/ds1-12_10.jpg
s,images/ds1-12_11.jpg
t,images/ds1-12_12.jpg
5,images/ds1-12_13.jpg
p,images/ds1-12_14.jpg
a,images/ds1-13_0.jpg
p,images/ds1-13_1.jpg
e,images/ds1-13_2.jpg
r,images/ds1-13_3.jpg
s,images/ds1-13_4.jpg
s,images/ds1-13_5.jpg
t,images/ds1-13_6.jpg
a,images/ds1-13_7.jpg
t,images/ds1-13_8.jpg
e,images/ds1-13_9.jpg
t,images/ds1-13_10.jpg
h,images/ds1-13_11.jpg
e,images/ds1-13_12.jpg
p,images/ds1-13_13.jpg
r,images/ds1-13_14.jpg
o,images/ds1-14_0.jpg
p,images/ds1-14_1.jpg
o,images/ds1-14_2.jpg
s,images/ds1-14_3.jpg
a,images/ds1-14_4.jpg
l,images/ds1-14_5.jpg
 ,images/ds1-14_6.jpg
a,images/ds1-14_7.jpg
n,images/ds1-14_8.jpg
d,images/ds1-14_9.jpg
t,images/ds1-14_10.jpg
h,images/ds1-14_11.jpg
e,images/ds1-14_12.jpg
r,images/ds1-14_13.jpg
e,images/ds1-14_14.jpg
m,images/ds1-15_0.jpg
a,images/ds1-15_1.jpg
i,images/ds1-15_2.jpg
n,images/ds1-15_3.jpg
i,images/ds1-15_4.jpg
n,images/ds1-15_5.jpg
g,images/ds1-15_6.jpg
p,images/ds1-15_7.jpg
a,images/ds1-15_8.jpg
g,images/ds1-15_9.jpg
e,images/ds1-15_10.jpg
s,images/ds1-15_11.jpg
g,images/ds1-15_12.jpg
i,images/ds1-15_13.jpg
v,images/ds1-15_14.jpg
e,images/ds1-16_0.jpg
q,images/ds1-16_1.jpg
u,images/ds1-16_2.jpg
a,images/ds1-16_3.jpg
l,images/ds1-16_4.jpg
i,images/ds1-16_5.jpg
f,images/ds1-16_6.jpg
i,images/ds1-16_7.jpg
c,images/ds1-16_8.jpg
a,images/ds1-16_9.jpg
t,images/ds1-16_10.jpg
i,images/ds1-16_11.jpg
o,images/ds1-16_12.jpg
n,images/ds1-16_13.jpg
s,images/ds1-16_14.jpg
a,images/ds1-17_0.jpg
n,images/ds1-17_1.jpg
d,images/ds1-17_2.jpg
i,images/ds1-17_3.jpg
n,images/ds1-17_4.jpg
t,images/ds1-17_5.jpg
e,images/ds1-17_6.jpg
r,images/ds1-17_7.jpg
e,images/ds1-17_8.jpg
s,images/ds1-17_9.jpg
t,images/ds1-17_10.jpg
s,images/ds1-17_11.jpg
o,images/ds1-17_12.jpg
f,images/ds1-17_13.jpg
t,images/ds1-17_14.jpg
h,images/ds1-18_0.jpg
e,images/ds1-18_1.jpg
f,images/ds1-18_2.jpg
o,images/ds1-18_3.jpg
u,images/ds1-18_4.jpg
r,images/ds1-18_5.jpg
w,images/ds1-18_6.jpg
h,images/ds1-18_7.jpg
o,images/ds1-18_8.jpg
p,images/ds1-18_9.jpg
r,images/ds1-18_10.jpg
o,images/ds1-18_11.jpg
p,images/ds1-18_12.jpg
o,images/ds1-18_13.jpg
s,images/ds1-18_14.jpg
e,images/ds1-19_0.jpg
d,images/ds1-19_1.jpg
t,images/ds1-19_2.jpg
h,images/ds1-19_3.jpg
e,images/ds1-19_4.jpg
s,images/ds1-19_5.jpg
t,images/ds1-19_6.jpg
u,images/ds1-19_7.jpg
d,images/ds1-19_8.jpg
y,images/ds1-19_9.jpg
 ,images/ds1-19_10.jpg
I,images/ds1-19_11.jpg
n,images/ds1-19_12.jpg
t,images/ds1-19_13.jpg
h,images/ds1-19_14.jpg
e,images/ds1-20_0.jpg
i,images/ds1-20_1.jpg
n,images/ds1-20_2.jpg
t,images/ds1-20_3.jpg
e,images/ds1-20_4.jpg
r,images/ds1-20_5.jpg
e,images/ds1-20_6.jpg
s,images/ds1-20_7.jpg
t,images/ds1-20_8.jpg
o,images/ds1-20_9.jpg
f,images/ds1-20_10.jpg
b,images/ds1-20_11.jpg
r,images/ds1-20_12.jpg
e,images/ds1-20_13.jpg
v,images/ds1-20_14.jpg
i,images/ds1-21_0.jpg
t,images/ds1-21_1.jpg
y,images/ds1-21_2.jpg
 ,images/ds1-21_3.jpg
t,images/ds1-21_4.jpg
h,images/ds1-21_5.jpg
i,images/ds1-21_6.jpg
s,images/ds1-21_7.jpg
 ,images/ds1-21_8.jpg
a,images/ds1-21_9.jpg
r,images/ds1-21_10.jpg
t,images/ds1-21_11.jpg
i,images/ds1-21_12.jpg
c,images/ds1-21_13.jpg
l,images/ds1-21_14.jpg
e,images/ds2-0_0.jpg
r,images/ds2-0_1.jpg
e,images/ds2-0_2.jpg
p,images/ds2-0_3.jpg
r,images/ds2-0_4.jpg
o,images/ds2-0_5.jpg
d,images/ds2-0_6.jpg
u,images/ds2-0_7.jpg
c,images/ds2-0_8.jpg
e,images/ds2-0_9.jpg
s,images/ds2-0_10.jpg
o,images/ds2-0_11.jpg
n,images/ds2-0_12.jpg
l,images/ds2-0_13.jpg
y,images/ds2-0_14.jpg
t,images/ds2-1_0.jpg
h,images/ds2-1_1.jpg
e,images/ds2-1_2.jpg
p,images/ds2-1_3.jpg
r,images/ds2-1_4.jpg
o,images/ds2-1_5.jpg
p,images/ds2-1_6.jpg
o,images/ds2-1_7.jpg
s,images/ds2-1_8.jpg
a,images/ds2-1_9.jpg
l,images/ds2-1_10.jpg
i,images/ds2-1_11.jpg
t,images/ds2-1_12.jpg
s,images/ds2-1_13.jpg
e,images/ds2-1_14.jpg
l,images/ds2-2_0.jpg
f,images/ds2-2_1.jpg
 ,images/ds2-2_2.jpg
a,images/ds2-2_3.jpg
l,images/ds2-2_4.jpg
o,images/ds2-2_5.jpg
n,images/ds2-2_6.jpg
g,images/ds2-2_7.jpg
w,images/ds2-2_8.jpg
i,images/ds2-2_9.jpg
t,images/ds2-2_10.jpg
h,images/ds2-2_11.jpg
t,images/ds2-2_12.jpg
h,images/ds2-2_13.jpg
e,images/ds2-2_14.jpg
s,images/ds2-3_0.jpg
h,images/ds2-3_1.jpg
o,images/ds2-3_2.jpg
r,images/ds2-3_3.jpg
t,images/ds2-3_4.jpg
a,images/ds2-3_5.jpg
u,images/ds2-3_6.jpg
t,images/ds2-3_7.jpg
o,images/ds2-3_8.jpg
b,images/ds2-3_9.jpg
i,images/ds2-3_10.jpg
o,images/ds2-3_11.jpg
g,images/ds2-3_12.jpg
r,images/ds2-3_13.jpg
a,images/ds2-3_14.jpg
p,images/ds2-4_0.jpg
h,images/ds2-4_1.jpg
i,images/ds2-4_2.jpg
c,images/ds2-4_3.jpg
a,images/ds2-4_4.jpg
l,images/ds2-4_5.jpg
 ,images/ds2-4_6.jpg
t,images/ds2-4_7.jpg
a,images/ds2-4_8.jpg
t,images/ds2-4_9.jpg
e,images/ds2-4_10.jpg
m,images/ds2-4_11.jpg
e,images/ds2-4_12.jpg
n,images/ds2-4_13.jpg
t,images/ds2-4_14.jpg
s,images/ds2-5_0.jpg
o,images/ds2-5_1.jpg
f,images/ds2-5_2.jpg
t,images/ds2-5_3.jpg
h,images/ds2-5_4.jpg
e,images/ds2-5_5.jpg
p,images/ds2-5_6.jpg
r,images/ds2-5_7.jpg
o,images/ds2-5_8.jpg
p,images/ds2-5_9.jpg
o,images/ds2-5_10.jpg
s,images/ds2-5_11.jpg
e,images/ds2-5_12.jpg
r,images/ds2-5_13.jpg
s,images/ds2-5_14.jpg
W,images/ds2-6_0.jpg
e,images/ds2-6_1.jpg
p,images/ds2-6_2.jpg
r,images/ds2-6_3.jpg
o,images/ds2-6_4.jpg
p,images/ds2-6_5.jpg
o,images/ds2-6_6.jpg
s,images/ds2-6_7.jpg
e,images/ds2-6_8.jpg
t,images/ds2-6_9.jpg
h,images/ds2-6_10.jpg
a,images/ds2-6_11.jpg
t,images/ds2-6_12.jpg
a,images/ds2-6_13.jpg
2,images/ds2-6_14.jpg
m,images/ds2-7_0.jpg
o,images/ds2-7_1.jpg
n,images/ds2-7_2.jpg
t,images/ds2-7_3.jpg
h,images/ds2-7_4.jpg
1,images/ds2-7_5.jpg
0,images/ds2-7_6.jpg
m,images/ds2-7_7.jpg
a,images/ds2-7_8.jpg
n,images/ds2-7_9.jpg
s,images/ds2-7_10.jpg
t,images/ds2-7_11.jpg
u,images/ds2-7_12.jpg
d,images/ds2-7_13.jpg
y,images/ds2-7_14.jpg
o,images/ds2-8_0.jpg
f,images/ds2-8_1.jpg
a,images/ds2-8_2.jpg
r,images/ds2-8_3.jpg
t,images/ds2-8_4.jpg
i,images/ds2-8_5.jpg
f,images/ds2-8_6.jpg
i,images/ds2-8_7.jpg
c,images/ds2-8_8.jpg
i,images/ds2-8_9.jpg
a,images/ds2-8_10.jpg
l,images/ds2-8_11.jpg
i,images/ds2-8_12.jpg
n,images/ds2-8_13.jpg
t,images/ds2-8_14.jpg
e,images/ds2-9_0.jpg
l,images/ds2-9_1.jpg
l,images/ds2-9_2.jpg
i,images/ds2-9_3.jpg
g,images/ds2-9_4.jpg
e,images/ds2-9_5.jpg
n,images/ds2-9_6.jpg
c,images/ds2-9_7.jpg
e,images/ds2-9_8.jpg
b,images/ds2-9_9.jpg
e,images/ds2-9_10.jpg
c,images/ds2-9_11.jpg
a,images/ds2-9_12.jpg
r,images/ds2-9_13.jpg
r,images/ds2-9_14.jpg
i,images/ds2-10_0.jpg
e,images/ds2-10_1.jpg
d,images/ds2-10_2.jpg
o,images/ds2-10_3.jpg
u,images/ds2-10_4.jpg
t,images/ds2-10_5.jpg
d,images/ds2-10_6.jpg
u,images/ds2-10_7.jpg
r,images/ds2-10_8.jpg
i,images/ds2-10_9.jpg
n,images/ds2-10_10.jpg
g,images/ds2-10_11.jpg
t,images/ds2-10_12.jpg
h,images/ds2-10_13.jpg
e,images/ds2-10_14.jpg
s,images/ds2-11_0.jpg
u,images/ds2-11_1.jpg
m,images/ds2-11_2.jpg
m,images/ds2-11_3.jpg
e,images/ds2-11_4.jpg
r,images/ds2-11_5.jpg
o,images/ds2-11_6.jpg
f,images/ds2-11_7.jpg
1,images/ds2-11_8.jpg
9,images/ds2-11_9.jpg
5,images/ds2-11_10.jpg
6,images/ds2-11_11.jpg
a,images/ds2-11_12.jpg
t,images/ds2-11_13.jpg
D,images/ds2-11_14.jpg
a,images/ds2-12_0.jpg
r,images/ds2-12_1.jpg
t,images/ds2-12_2.jpg
m,images/ds2-12_3.jpg
o,images/ds2-12_4.jpg
u,images/ds2-12_5.jpg
t,images/ds2-12_6.jpg
h,images/ds2-12_7.jpg
C,images/ds2-12_8.jpg
o,images/ds2-12_9.jpg
l,images/ds2-12_10.jpg
l,images/ds2-12_11.jpg
a,images/ds2-12_12.jpg
g,images/ds2-12_13.jpg
e,images/ds2-12_14.jpg
i,images/ds2-13_0.jpg
n,images/ds2-13_1.jpg
H,images/ds2-13_2.jpg
a,images/ds2-13_3.jpg
n,images/ds2-13_4.jpg
o,images/ds2-13_5.jpg
v,images/ds2-13_6.jpg
e,images/ds2-13_7.jpg
r,images/ds2-13_8.jpg
N,images/ds2-13_9.jpg
e,images/ds2-13_10.jpg
w,images/ds2-13_11.jpg
H,images/ds2-13_12.jpg
a,images/ds2-13_13.jpg
m,images/ds2-13_14.jpg
p,images/ds2-14_0.jpg
s,images/ds2-14_1.jpg
h,images/ds2-14_2.jpg
i,images/ds2-14_3.jpg
r,images/ds2-14_4.jpg
e,images/ds2-14_5.jpg
 ,images/ds2-14_6.jpg
T,images/ds2-14_7.jpg
h,images/ds2-14_8.jpg
e,images/ds2-14_9.jpg
s,images/ds2-14_10.jpg
t,images/ds2-14_11.jpg
u,images/ds2-14_12.jpg
d,images/ds2-14_13.jpg
y,images/ds2-14_14.jpg
i,images/ds2-15_0.jpg
s,images/ds2-15_1.jpg
t,images/ds2-15_2.jpg
o,images/ds2-15_3.jpg
p,images/ds2-15_4.jpg
r,images/ds2-15_5.jpg
o,images/ds2-15_6.jpg
c,images/ds2-15_7.jpg
e,images/ds2-15_8.jpg
e,images/ds2-15_9.jpg
d,images/ds2-15_10.jpg
o,images/ds2-15_11.jpg
n,images/ds2-15_12.jpg
t,images/ds2-15_13.jpg
h,images/ds2-15_14.jpg
e,images/ds2-16_0.jpg
b,images/ds2-16_1.jpg
a,images/ds2-16_2.jpg
s,images/ds2-16_3.jpg
i,images/ds2-16_4.jpg
s,images/ds2-16_5.jpg
o,images/ds2-16_6.jpg
f,images/ds2-16_7.jpg
t,images/ds2-16_8.jpg
h,images/ds2-16_9.jpg
e,images/ds2-16_10.jpg
c,images/ds2-16_11.jpg
o,images/ds2-16_12.jpg
n,images/ds2-16_13.jpg
j,images/ds2-16_14.jpg
e,images/ds2-17_0.jpg
c,images/ds2-17_1.jpg
t,images/ds2-17_2.jpg
u,images/ds2-17_3.jpg
r,images/ds2-17_4.jpg
e,images/ds2-17_5.jpg
t,images/ds2-17_6.jpg
h,images/ds2-17_7.jpg
a,images/ds2-17_8.jpg
t,images/ds2-17_9.jpg
e,images/ds2-17_10.jpg
v,images/ds2-17_11.jpg
e,images/ds2-17_12.jpg
r,images/ds2-17_13.jpg
y,images/ds2-17_14.jpg
a,images/ds2-18_0.jpg
s,images/ds2-18_1.jpg
p,images/ds2-18_2.jpg
e,images/ds2-18_3.jpg
c,images/ds2-18_4.jpg
t,images/ds2-18_5.jpg
o,images/ds2-18_6.jpg
f,images/ds2-18_7.jpg
l,images/ds2-18_8.jpg
e,images/ds2-18_9.jpg
a,images/ds2-18_10.jpg
r,images/ds2-18_11.jpg
n,images/ds2-18_12.jpg
i,images/ds2-18_13.jpg
n,images/ds2-18_14.jpg
g,images/ds2-19_0.jpg
o,images/ds2-19_1.jpg
r,images/ds2-19_2.jpg
a,images/ds2-19_3.jpg
n,images/ds2-19_4.jpg
y,images/ds2-19_5.jpg
o,images/ds2-19_6.jpg
t,images/ds2-19_7.jpg
h,images/ds2-19_8.jpg
e,images/ds2-19_9.jpg
r,images/ds2-19_10.jpg
f,images/ds2-19_11.jpg
e,images/ds2-19_12.jpg
a,images/ds2-19_13.jpg
t,images/ds2-19_14.jpg
u,images/ds2-20_0.jpg
r,images/ds2-20_1.jpg
e,images/ds2-20_2.jpg
o,images/ds2-20_3.jpg
f,images/ds2-20_4.jpg
i,images/ds2-20_5.jpg
n,images/ds2-20_6.jpg
t,images/ds2-20_7.jpg
e,images/ds2-20_8.jpg
l,images/ds2-20_9.jpg
l,images/ds2-20_10.jpg
i,images/ds2-20_11.jpg
g,images/ds2-20_12.jpg
e,images/ds2-20_13.jpg
n,images/ds2-20_14.jpg
c,images/ds2-21_0.jpg
e,images/ds2-21_1.jpg
c,images/ds2-21_2.jpg
a,images/ds2-21_3.jpg
n,images/ds2-21_4.jpg
u,images/ds2-21_5.jpg
n,images/ds2-21_6.jpg
p,images/ds2-21_7.jpg
r,images/ds2-21_8.jpg
i,images/ds2-21_9.jpg
n,images/ds2-21_10.jpg
c,images/ds2-21_11.jpg
i,images/ds2-21_12.jpg
p,images/ds2-21_13.jpg
l,images/ds2-21_14.jpg
e,images/ds3-0_0.jpg
b,images/ds3-0_1.jpg
e,images/ds3-0_2.jpg
s,images/ds3-0_3.jpg
o,images/ds3-0_4.jpg
p,images/ds3-0_5.jpg
r,images/ds3-0_6.jpg
e,images/ds3-0_7.jpg
c,images/ds3-0_8.jpg
i,images/ds3-0_9.jpg
s,images/ds3-0_10.jpg
e,images/ds3-0_11.jpg
l,images/ds3-0_12.jpg
y,images/ds3-0_13.jpg
d,images/ds3-0_14.jpg
e,images/ds3-1_0.jpg
s,images/ds3-1_1.jpg
c,images/ds3-1_2.jpg
r,images/ds3-1_3.jpg
i,images/ds3-1_4.jpg
b,images/ds3-1_5.jpg
e,images/ds3-1_6.jpg
d,images/ds3-1_7.jpg
t,images/ds3-1_8.jpg
n,images/ds3-1_9.jpg
a,images/ds3-1_10.jpg
t,images/ds3-1_11.jpg
a,images/ds3-1_12.jpg
m,images/ds3-1_13.jpg
a,images/ds3-1_14.jpg
c,images/ds3-2_0.jpg
h,images/ds3-2_1.jpg
i,images/ds3-2_2.jpg
n,images/ds3-2_3.jpg
e,images/ds3-2_4.jpg
c,images/ds3-2_5.jpg
a,images/ds3-2_6.jpg
n,images/ds3-2_7.jpg
b,images/ds3-2_8.jpg
e,images/ds3-2_9.jpg
m,images/ds3-2_10.jpg
a,images/ds3-2_11.jpg
d,images/ds3-2_12.jpg
e,images/ds3-2_13.jpg
t,images/ds3-2_14.jpg
o,images/ds3-3_0.jpg
s,images/ds3-3_1.jpg
i,images/ds3-3_2.jpg
m,images/ds3-3_3.jpg
u,images/ds3-3_4.jpg
l,images/ds3-3_5.jpg
a,images/ds3-3_6.jpg
t,images/ds3-3_7.jpg
e,images/ds3-3_8.jpg
i,images/ds3-3_9.jpg
t,images/ds3-3_10.jpg
 ,images/ds3-3_11.jpg
A,images/ds3-3_12.jpg
n,images/ds3-3_13.jpg
a,images/ds3-3_14.jpg
t,images/ds3-4_0.jpg
t,images/ds3-4_1.jpg
e,images/ds3-4_2.jpg
m,images/ds3-4_3.jpg
p,images/ds3-4_4.jpg
t,images/ds3-4_5.jpg
w,images/ds3-4_6.jpg
i,images/ds3-4_7.jpg
l,images/ds3-4_8.jpg
l,images/ds3-4_9.jpg
b,images/ds3-4_10.jpg
e,images/ds3-4_11.jpg
m,images/ds3-4_12.jpg
a,images/ds3-4_13.jpg
d,images/ds3-4_14.jpg
e,images/ds3-5_0.jpg
t,images/ds3-5_1.jpg
o,images/ds3-5_2.jpg
f,images/ds3-5_3.jpg
i,images/ds3-5_4.jpg
n,images/ds3-5_5.jpg
d,images/ds3-5_6.jpg
h,images/ds3-5_7.jpg
o,images/ds3-5_8.jpg
w,images/ds3-5_9.jpg
t,images/ds3-5_10.jpg
o,images/ds3-5_11.jpg
m,images/ds3-5_12.jpg
a,images/ds3-5_13.jpg
k,images/ds3-5_14.jpg
e,images/ds3-6_0.jpg
m,images/ds3-6_1.jpg
a,images/ds3-6_2.jpg
c,images/ds3-6_3.jpg
h,images/ds3-6_4.jpg
i,images/ds3-6_5.jpg
n,images/ds3-6_6.jpg
e,images/ds3-6_7.jpg
s,images/ds3-6_8.jpg
u,images/ds3-6_9.jpg
s,images/ds3-6_10.jpg
e,images/ds3-6_11.jpg
l,images/ds3-6_12.jpg
a,images/ds3-6_13.jpg
n,images/ds3-6_14.jpg
g,images/ds3-7_0.jpg
u,images/ds3-7_1.jpg
a,images/ds3-7_2.jpg
g,images/ds3-7_3.jpg
e,images/ds3-7_4.jpg
 ,images/ds3-7_5.jpg
f,images/ds3-7_6.jpg
o,images/ds3-7_7.jpg
r,images/ds3-7_8.jpg
m,images/ds3-7_9.jpg
a,images/ds3-7_10.jpg
b,images/ds3-7_11.jpg
s,images/ds3-7_12.jpg
t,images/ds3-7_13.jpg
r,images/ds3-7_14.jpg
a,images/ds3-8_0.jpg
c,images/ds3-8_1.jpg
t,images/ds3-8_2.jpg
i,images/ds3-8_3.jpg
o,images/ds3-8_4.jpg
n,images/ds3-8_5.jpg
s,images/ds3-8_6.jpg
a,images/ds3-8_7.jpg
n,images/ds3-8_8.jpg
d,images/ds3-8_9.jpg
c,images/ds3-8_10.jpg
o,images/ds3-8_11.jpg
n,images/ds3-8_12.jpg
c,images/ds3-8_13.jpg
e,images/ds3-8_14.jpg
p,images/ds3-9_0.jpg
t,images/ds3-9_1.jpg
s,images/ds3-9_2.jpg
 ,images/ds3-9_3.jpg
s,images/ds3-9_4.jpg
o,images/ds3-9_5.jpg
l,images/ds3-9_6.jpg
v,images/ds3-9_7.jpg
e,images/ds3-9_8.jpg
k,images/ds3-9_9.jpg
i,images/ds3-9_10.jpg
n,images/ds3-9_11.jpg
d,images/ds3-9_12.jpg
s,images/ds3-9_13.jpg
o,images/ds3-9_14.jpg
f,images/ds3-10_0.jpg
p,images/ds3-10_1.jpg
r,images/ds3-10_2.jpg
o,images/ds3-10_3.jpg
b,images/ds3-10_4.jpg
l,images/ds3-10_5.jpg
e,images/ds3-10_6.jpg
m,images/ds3-10_7.jpg
s,images/ds3-10_8.jpg
n,images/ds3-10_9.jpg
o,images/ds3-10_10.jpg
w,images/ds3-10_11.jpg
r,images/ds3-10_12.jpg
e,images/ds3-10_13.jpg
s,images/ds3-10_14.jpg
e,images/ds3-11_0.jpg
r,images/ds3-11_1.jpg
v,images/ds3-11_2.jpg
e,images/ds3-11_3.jpg
d,images/ds3-11_4.jpg
f,images/ds3-11_5.jpg
o,images/ds3-11_6.jpg
r,images/ds3-11_7.jpg
h,images/ds3-11_8.jpg
u,images/ds3-11_9.jpg
m,images/ds3-11_10.jpg
a,images/ds3-11_11.jpg
n,images/ds3-11_12.jpg
s,images/ds3-11_13.jpg
 ,images/ds3-11_14.jpg
a,images/ds3-12_0.jpg
n,images/ds3-12_1.jpg
d,images/ds3-12_2.jpg
i,images/ds3-12_3.jpg
m,images/ds3-12_4.jpg
p,images/ds3-12_5.jpg
r,images/ds3-12_6.jpg
o,images/ds3-12_7.jpg
v,images/ds3-12_8.jpg
e,images/ds3-12_9.jpg
t,images/ds3-12_10.jpg
h,images/ds3-12_11.jpg
e,images/ds3-12_12.jpg
m,images/ds3-12_13.jpg
s,images/ds3-12_14.jpg
e,images/ds3-13_0.jpg
l,images/ds3-13_1.jpg
v,images/ds3-13_2.jpg
e,images/ds3-13_3.jpg
s,images/ds3-13_4.jpg
 ,images/ds3-13_5.jpg
W,images/ds3-13_6.jpg
e,images/ds3-13_7.jpg
t,images/ds3-13_8.jpg
h,images/ds3-13_9.jpg
i,images/ds3-13_10.jpg
n,images/ds3-13_11.jpg
k,images/ds3-13_12.jpg
t,images/ds3-13_13.jpg
h,images/ds3-13_14.jpg
a,images/ds3-14_0.jpg
t,images/ds3-14_1.jpg
a,images/ds3-14_2.jpg
s,images/ds3-14_3.jpg
i,images/ds3-14_4.jpg
g,images/ds3-14_5.jpg
n,images/ds3-14_6.jpg
i,images/ds3-14_7.jpg
f,images/ds3-14_8.jpg
i,images/ds3-14_9.jpg
c,images/ds3-14_10.jpg
a,images/ds3-14_11.jpg
n,images/ds3-14_12.jpg
t,images/ds3-14_13.jpg
a,images/ds3-14_14.jpg
d,images/ds3-15_0.jpg
v,images/ds3-15_1.jpg
a,images/ds3-15_2.jpg
n,images/ds3-15_3.jpg
c,images/ds3-15_4.jpg
e,images/ds3-15_5.jpg
c,images/ds3-15_6.jpg
a,images/ds3-15_7.jpg
n,images/ds3-15_8.jpg
b,images/ds3-15_9.jpg
e,images/ds3-15_10.jpg
m,images/ds3-15_11.jpg
a,images/ds3-15_12.jpg
d,images/ds3-15_13.jpg
e,images/ds3-15_14.jpg
i,images/ds3-16_0.jpg
n,images/ds3-16_1.jpg
o,images/ds3-16_2.jpg
n,images/ds3-16_3.jpg
e,images/ds3-16_4.jpg
o,images/ds3-16_5.jpg
r,images/ds3-16_6.jpg
m,images/ds3-16_7.jpg
o,images/ds3-16_8.jpg
r,images/ds3-16_9.jpg
e,images/ds3-16_10.jpg
o,images/ds3-16_11.jpg
f,images/ds3-16_12.jpg
t,images/ds3-16_13.jpg
h,images/ds3-16_14.jpg
e,images/ds3-17_0.jpg
s,images/ds3-17_1.jpg
e,images/ds3-17_2.jpg
p,images/ds3-17_3.jpg
r,images/ds3-17_4.jpg
o,images/ds3-17_5.jpg
b,images/ds3-17_6.jpg
l,images/ds3-17_7.jpg
e,images/ds3-17_8.jpg
m,images/ds3-17_9.jpg
s,images/ds3-17_10.jpg
i,images/ds3-17_11.jpg
f,images/ds3-17_12.jpg
c,images/ds3-17_13.jpg
a,images/ds3-17_14.jpg
r,images/ds3-18_0.jpg
e,images/ds3-18_1.jpg
f,images/ds3-18_2.jpg
u,images/ds3-18_3.jpg
l,images/ds3-18_4.jpg
l,images/ds3-18_5.jpg
y,images/ds3-18_6.jpg
s,images/ds3-18_7.jpg
e,images/ds3-18_8.jpg
l,images/ds3-18_9.jpg
e,images/ds3-18_10.jpg
c,images/ds3-18_11.jpg
t,images/ds3-18_12.jpg
e,images/ds3-18_13.jpg
d,images/ds3-18_14.jpg
g,images/ds3-19_0.jpg
r,images/ds3-19_1.jpg
o,images/ds3-19_2.jpg
u,images/ds3-19_3.jpg
p,images/ds3-19_4.jpg
o,images/ds3-19_5.jpg
f,images/ds3-19_6.jpg
s,images/ds3-19_7.jpg
c,images/ds3-19_8.jpg
i,images/ds3-19_9.jpg
e,images/ds3-19_10.jpg
n,images/ds3-19_11.jpg
t,images/ds3-19_12.jpg
i,images/ds3-19_13.jpg
s,images/ds3-19_14.jpg
t,images/ds3-20_0.jpg
s,images/ds3-20_1.jpg
w,images/ds3-20_2.jpg
o,images/ds3-20_3.jpg
r,images/ds3-20_4.jpg
k,images/ds3-20_5.jpg
o,images/ds3-20_6.jpg
n,images/ds3-20_7.jpg
i,images/ds3-20_8.jpg
t,images/ds3-20_9.jpg
t,images/ds3-20_10.jpg
o,images/ds3-20_11.jpg
g,images/ds3-20_12.jpg
e,images/ds3-20_13.jpg
t,images/ds3-20_14.jpg
h,images/ds3-21_0.jpg
e,images/ds3-21_1.jpg
r,images/ds3-21_2.jpg
